
DROP TABLE IF EXISTS ASIGNATURAESTUDIANTE;
DROP TABLE IF EXISTS ESTUDIANTE;
DROP TABLE IF EXISTS ASIGNATURA;
DROP TABLE IF EXISTS PROFESOR;
DROP TABLE IF EXISTS CURSO;
DROP TABLE IF EXISTS COLEGIO;

--Create
create table Asignatura (grado integer not null, nombre varchar(255) not null, salon varchar(255) not null, profesor_nombre varchar(255), primary key (grado, nombre, salon));

create table AsignaturaEstudiante (grado integer not null, nombreAsignatura varchar(255) not null, nombreEstudiante varchar(255) not null, salon varchar(255) not null, primary key (grado, nombreAsignatura, nombreEstudiante, salon));

create table COLEGIO (idColegio integer not null, nombre varchar(255), primary key (idColegio));

create table CURSO (grado integer not null, salon varchar(255) not null, colegio_idColegio integer not null, primary key (grado, salon));

create table Estudiante (nombre varchar(255) not null, primary key (nombre));

create table Profesor (nombre varchar(255) not null, primary key (nombre));

alter table Asignatura add constraint FKep1w6diokrfj52ue9tylxepnn foreign key (grado, salon) references CURSO;

alter table Asignatura add constraint FK8xo8n3g42vxyag24ccrnb0cyr foreign key (profesor_nombre) references Profesor;

alter table AsignaturaEstudiante add constraint FKkmg17gf836vmk334fs05ahiai foreign key (grado, nombreAsignatura, salon) references Asignatura;

alter table AsignaturaEstudiante add constraint FKrsplpxsaabbk8ue2tss0mbcfa foreign key (nombreEstudiante) references Estudiante;

alter table CURSO add constraint FKlti21subffnlal6pxx91agob6 foreign key (colegio_idColegio) references COLEGIO;




--Colegio
INSERT INTO COLEGIO (IDCOLEGIO, NOMBRE) VALUES(1, 'El colegio del olimpo');
-- Cursos
INSERT INTO CURSO (GRADO, SALON, COLEGIO_IDCOLEGIO) VALUES(10, 'A', 1);
INSERT INTO CURSO (GRADO, SALON, COLEGIO_IDCOLEGIO) VALUES(10, 'B', 1);
INSERT INTO CURSO (GRADO, SALON, COLEGIO_IDCOLEGIO) VALUES(11, 'A', 1);
INSERT INTO CURSO (GRADO, SALON, COLEGIO_IDCOLEGIO) VALUES(11, 'B', 1);
--Profesores
INSERT INTO PROFESOR (NOMBRE) VALUES('Némesis');
INSERT INTO PROFESOR (NOMBRE) VALUES('Príapo');
INSERT INTO PROFESOR (NOMBRE) VALUES('Iris');
---Asignaturas
INSERT INTO ASIGNATURA (NOMBRE,GRADO, SALON, PROFESOR_NOMBRE) VALUES( 'Matemáticas', 10,'A', 'Némesis');
INSERT INTO ASIGNATURA (NOMBRE,GRADO, SALON, PROFESOR_NOMBRE) VALUES( 'Matemáticas', 10,'B', 'Némesis');
INSERT INTO ASIGNATURA (NOMBRE,GRADO, SALON, PROFESOR_NOMBRE) VALUES( 'Matemáticas', 11,'A', 'Némesis');
INSERT INTO ASIGNATURA (NOMBRE,GRADO, SALON, PROFESOR_NOMBRE) VALUES( 'Matemáticas', 11,'B', 'Némesis');
INSERT INTO ASIGNATURA (NOMBRE,GRADO, SALON, PROFESOR_NOMBRE) VALUES( 'Español', 10,'A', 'Príapo');
INSERT INTO ASIGNATURA (NOMBRE,GRADO, SALON, PROFESOR_NOMBRE) VALUES( 'Español', 10,'B', 'Príapo');
INSERT INTO ASIGNATURA (NOMBRE,GRADO, SALON, PROFESOR_NOMBRE) VALUES( 'Ingles básico', 10,'A', 'Iris');
INSERT INTO ASIGNATURA (NOMBRE,GRADO, SALON, PROFESOR_NOMBRE) VALUES( 'Ingles avanzado', 10,'B', 'Iris');
INSERT INTO ASIGNATURA (NOMBRE,GRADO, SALON, PROFESOR_NOMBRE) VALUES( 'Pre Icfes', 11,'A', 'Némesis');
INSERT INTO ASIGNATURA (NOMBRE,GRADO, SALON, PROFESOR_NOMBRE) VALUES( 'Pre Icfes', 11,'B', 'Némesis');
--estudiantes
INSERT INTO ESTUDIANTE (NOMBRE) VALUES('Afrodita');
INSERT INTO ESTUDIANTE (NOMBRE) VALUES('Apolo');
INSERT INTO ESTUDIANTE (NOMBRE) VALUES('Ares');
INSERT INTO ESTUDIANTE (NOMBRE) VALUES('Artemisa');
INSERT INTO ESTUDIANTE (NOMBRE) VALUES('Atenea');
INSERT INTO ESTUDIANTE (NOMBRE) VALUES('Dionisio');
INSERT INTO ESTUDIANTE (NOMBRE) VALUES('Hefesto');
INSERT INTO ESTUDIANTE (NOMBRE) VALUES('Hera');
INSERT INTO ESTUDIANTE (NOMBRE) VALUES('Hermes');
INSERT INTO ESTUDIANTE (NOMBRE) VALUES('Hades');
INSERT INTO ESTUDIANTE (NOMBRE) VALUES('Poseidón');
INSERT INTO ESTUDIANTE (NOMBRE) VALUES('Zeus');

--Insercion de ASIGNATURAESTUDIANTE de acuerdo al modelo, sería más eficiente si se modela que un curso tiene muchos estudiantes, para el caso de colegios, en este caso se dejó
--así por el requerimiento del modelo, lo ideal es mapear estudiante a curso y de ahí listar sus asignaturas  por Curso. (pendiente)
--Este modelo permitiría que un estudiante cursara asignaturas de diferentes cursos. (Ver materias de 10A y de 10B por ejemplo)
-- 10A
INSERT INTO ASIGNATURAESTUDIANTE (NOMBREASIGNATURA,GRADO, SALON, NOMBREESTUDIANTE) VALUES( 'Matemáticas', 10,'A', 'Afrodita');
INSERT INTO ASIGNATURAESTUDIANTE (NOMBREASIGNATURA,GRADO, SALON, NOMBREESTUDIANTE) VALUES( 'Matemáticas', 10,'A', 'Apolo');
INSERT INTO ASIGNATURAESTUDIANTE (NOMBREASIGNATURA,GRADO, SALON, NOMBREESTUDIANTE) VALUES( 'Matemáticas', 10,'A', 'Ares');

INSERT INTO ASIGNATURAESTUDIANTE (NOMBREASIGNATURA,GRADO, SALON, NOMBREESTUDIANTE) VALUES( 'Español', 10,'A', 'Afrodita');
INSERT INTO ASIGNATURAESTUDIANTE (NOMBREASIGNATURA,GRADO, SALON, NOMBREESTUDIANTE) VALUES( 'Español', 10,'A', 'Apolo');
INSERT INTO ASIGNATURAESTUDIANTE (NOMBREASIGNATURA,GRADO, SALON, NOMBREESTUDIANTE) VALUES( 'Español', 10,'A', 'Ares');

INSERT INTO ASIGNATURAESTUDIANTE (NOMBREASIGNATURA,GRADO, SALON, NOMBREESTUDIANTE) VALUES( 'Ingles básico', 10,'A', 'Afrodita');
INSERT INTO ASIGNATURAESTUDIANTE (NOMBREASIGNATURA,GRADO, SALON, NOMBREESTUDIANTE) VALUES( 'Ingles básico', 10,'A', 'Apolo');
INSERT INTO ASIGNATURAESTUDIANTE (NOMBREASIGNATURA,GRADO, SALON, NOMBREESTUDIANTE) VALUES( 'Ingles básico', 10,'A', 'Ares');

-- 10B
INSERT INTO ASIGNATURAESTUDIANTE (NOMBREASIGNATURA,GRADO, SALON, NOMBREESTUDIANTE) VALUES( 'Matemáticas', 10,'B', 'Artemisa');
INSERT INTO ASIGNATURAESTUDIANTE (NOMBREASIGNATURA,GRADO, SALON, NOMBREESTUDIANTE) VALUES( 'Matemáticas', 10,'B', 'Atenea');
INSERT INTO ASIGNATURAESTUDIANTE (NOMBREASIGNATURA,GRADO, SALON, NOMBREESTUDIANTE) VALUES( 'Matemáticas', 10,'B', 'Dionisio');

INSERT INTO ASIGNATURAESTUDIANTE (NOMBREASIGNATURA,GRADO, SALON, NOMBREESTUDIANTE) VALUES( 'Español', 10,'B', 'Artemisa');
INSERT INTO ASIGNATURAESTUDIANTE (NOMBREASIGNATURA,GRADO, SALON, NOMBREESTUDIANTE) VALUES( 'Español', 10,'B', 'Atenea');
INSERT INTO ASIGNATURAESTUDIANTE (NOMBREASIGNATURA,GRADO, SALON, NOMBREESTUDIANTE) VALUES( 'Español', 10,'B', 'Dionisio');

INSERT INTO ASIGNATURAESTUDIANTE (NOMBREASIGNATURA,GRADO, SALON, NOMBREESTUDIANTE) VALUES( 'Ingles avanzado', 10,'B', 'Artemisa');
INSERT INTO ASIGNATURAESTUDIANTE (NOMBREASIGNATURA,GRADO, SALON, NOMBREESTUDIANTE) VALUES( 'Ingles avanzado', 10,'B', 'Atenea');
INSERT INTO ASIGNATURAESTUDIANTE (NOMBREASIGNATURA,GRADO, SALON, NOMBREESTUDIANTE) VALUES( 'Ingles avanzado', 10,'B', 'Dionisio');
-- 11A
INSERT INTO ASIGNATURAESTUDIANTE (NOMBREASIGNATURA,GRADO, SALON, NOMBREESTUDIANTE) VALUES( 'Matemáticas', 11,'A', 'Hefesto');
INSERT INTO ASIGNATURAESTUDIANTE (NOMBREASIGNATURA,GRADO, SALON, NOMBREESTUDIANTE) VALUES( 'Matemáticas', 11,'A', 'Hera');
INSERT INTO ASIGNATURAESTUDIANTE (NOMBREASIGNATURA,GRADO, SALON, NOMBREESTUDIANTE) VALUES( 'Pre Icfes', 11,'A', 'Hefesto');
INSERT INTO ASIGNATURAESTUDIANTE (NOMBREASIGNATURA,GRADO, SALON, NOMBREESTUDIANTE) VALUES( 'Pre Icfes', 11,'A', 'Hera');
-- 11B
INSERT INTO ASIGNATURAESTUDIANTE (NOMBREASIGNATURA,GRADO, SALON, NOMBREESTUDIANTE) VALUES( 'Matemáticas', 11,'B', 'Hermes');
INSERT INTO ASIGNATURAESTUDIANTE (NOMBREASIGNATURA,GRADO, SALON, NOMBREESTUDIANTE) VALUES( 'Pre Icfes', 11,'B', 'Hermes');
INSERT INTO ASIGNATURAESTUDIANTE (NOMBREASIGNATURA,GRADO, SALON, NOMBREESTUDIANTE) VALUES( 'Matemáticas', 11,'B', 'Hades');
INSERT INTO ASIGNATURAESTUDIANTE (NOMBREASIGNATURA,GRADO, SALON, NOMBREESTUDIANTE) VALUES( 'Pre Icfes', 11,'B', 'Hades');
INSERT INTO ASIGNATURAESTUDIANTE (NOMBREASIGNATURA,GRADO, SALON, NOMBREESTUDIANTE) VALUES( 'Matemáticas', 11,'B', 'Poseidón');
INSERT INTO ASIGNATURAESTUDIANTE (NOMBREASIGNATURA,GRADO, SALON, NOMBREESTUDIANTE) VALUES( 'Pre Icfes', 11,'B', 'Poseidón');
INSERT INTO ASIGNATURAESTUDIANTE (NOMBREASIGNATURA,GRADO, SALON, NOMBREESTUDIANTE) VALUES( 'Matemáticas', 11,'B', 'Zeus');
INSERT INTO ASIGNATURAESTUDIANTE (NOMBREASIGNATURA,GRADO, SALON, NOMBREESTUDIANTE) VALUES( 'Pre Icfes', 11,'B', 'Zeus');


